zip_code,price,sqft,beds,baths,year_built,age,property_type,price_per_sqft
94070,2150409,1478,4,2.5,1970,55,Single Family Residence,1454.95
94070,1827556,1985,4,3.0,1986,39,Single Family Residential,920.68
94070,2162460,2036,5,2.5,1949,76,Residential,1062.11
94070,2388975,1794,3,2.0,2009,16,Single Family Residential,1331.65
94070,1857495,2712,6,3.5,1934,91,Single Family Residential,684.92
94070,1794878,1673,3,2.0,1933,92,Residential,1072.85
94070,2518879,1863,4,2.5,1940,85,Single Family Residence,1352.06
94070,2762563,2304,3,2.5,2003,22,Residential,1199.03
94070,1148517,1472,3,2.0,1947,78,Single Family Residential,780.24
94070,1619714,2085,5,3.0,1974,51,Single Family Residence,776.84
94070,1815346,1318,3,2.0,1960,65,Residential,1377.35
94070,2444540,1870,3,2.5,1976,49,Single Family Residential,1307.24
94070,2292615,815,3,2.0,2008,17,Single Family Residential,2813.02
94070,2018863,2200,4,2.0,1932,93,Single Family Residence,917.66
94070,2074751,2445,4,2.0,2022,3,Single Family,848.57
94070,2212091,1601,3,2.0,1986,39,Single Family Residential,1381.69
94070,1197364,1840,5,3.0,1951,74,House,650.74
94070,1826146,1777,3,2.0,2012,13,Residential,1027.66
94070,1562501,1359,3,2.5,1943,82,Residential,1149.74
94070,2591809,1930,4,2.5,1983,42,Residential,1342.91
94070,1700885,1015,3,2.0,2002,23,Single Family Residential,1675.75
94070,1997076,1519,3,2.0,2010,15,Single Family Residential,1314.73
94070,1309291,2076,3,3.0,1967,58,Single Family Residential,630.68
94070,1573957,1354,3,2.5,1991,34,Residential,1162.45
94070,2392736,2463,4,2.5,2014,11,Single Family Residential,971.47
94070,1937000,1897,4,3.0,1998,27,House,1021.09
94070,2476494,2901,4,4.0,1929,96,House,853.67
94070,1617014,2008,4,3.0,1934,91,Single Family Residence,805.29
94070,1877254,2106,4,3.0,1933,92,Residential,891.38
94070,2450006,1272,3,2.0,2003,22,Single Family Residence,1926.11
94070,2229437,1893,4,3.0,1924,101,Single Family,1177.73
94070,1743910,1033,3,1.5,2014,11,Single Family Residential,1688.2
94070,2523657,2070,5,3.0,1942,83,Single Family Residence,1219.16
94070,1575844,1866,5,2.0,1981,44,Single Family Residence,844.5
94070,2482769,800,2,1.0,2012,13,House,3103.46
94070,1930493,1036,3,1.5,1994,31,Single Family,1863.41
94070,1888997,1779,4,2.0,1992,33,Single Family Residence,1061.83
94070,2442297,1713,3,2.0,1983,42,House,1425.74
94070,2018403,1869,4,2.0,2004,21,House,1079.94
94070,2326531,1750,4,2.0,2012,13,Single Family Residential,1329.45
94070,2340388,1735,3,2.5,1948,77,Single Family Residential,1348.93
94070,2371492,1748,4,2.0,2011,14,House,1356.69
94070,1109024,1439,3,2.0,1957,68,Residential,770.69
94070,2488147,1698,4,2.0,1924,101,Single Family Residential,1465.34
94070,2336428,1934,5,2.5,1992,33,Residential,1208.08
94070,2938434,1767,3,2.0,1958,67,Residential,1662.95
94070,2665099,2697,5,4.0,1947,78,Single Family,988.17
94070,2123097,917,3,1.5,1946,79,House,2315.26
94070,2155993,2128,5,2.0,1922,103,Single Family Residence,1013.15
94070,2477368,2185,5,2.0,1933,92,Single Family,1133.81
94070,1951841,1848,4,2.5,1994,31,Single Family,1056.19
94070,2489358,1400,3,2.0,1959,66,Single Family Residence,1778.11
94070,1476767,2016,4,3.0,1999,26,Single Family,732.52
94070,2000756,1341,3,2.0,1926,99,Single Family Residence,1491.99
94070,1885653,1926,5,3.0,2016,9,Single Family,979.05
94070,2196156,1270,3,2.0,2002,23,Residential,1729.26
94070,1742558,2125,3,3.0,1986,39,Single Family Residence,820.03
94070,1628018,2107,5,3.0,1939,86,House,772.67
94070,2095276,2071,4,3.0,1987,38,Residential,1011.72
94070,2492890,1698,3,2.5,2015,10,Single Family Residential,1468.13
94070,1827100,2057,5,3.0,1962,63,House,888.24
94070,1775430,1527,3,2.0,1956,69,Single Family Residence,1162.69
94070,1734622,1738,4,2.5,1982,43,House,998.06
94070,2086375,1337,3,2.5,1979,46,Residential,1560.49
94070,1643711,1513,3,2.0,1950,75,Single Family Residential,1086.39
94070,1567511,2008,4,3.0,1954,71,House,780.63
94070,1638229,1002,2,2.0,1958,67,Single Family,1634.96
94070,1793151,2549,4,3.0,1963,62,House,703.47
94070,1391716,2713,4,4.0,2001,24,House,512.98
94070,1562976,1469,3,2.0,1962,63,House,1063.97
94070,2150013,2150,4,2.5,1992,33,Single Family,1000.01
94070,2494232,1933,5,2.5,2002,23,Single Family Residential,1290.34
94070,2389412,1945,4,3.0,2005,20,Single Family,1228.49
94070,2130251,2076,4,3.0,1922,103,Single Family Residential,1026.13
94070,3143081,2041,3,2.5,2015,10,Single Family Residence,1539.97
94070,1780725,2033,4,2.0,1968,57,Residential,875.91
94070,2407346,1855,3,2.5,1971,54,House,1297.76
94070,2710384,1531,4,2.0,2013,12,Residential,1770.34
94070,1492019,893,3,2.0,2000,25,House,1670.79
94070,2418807,1908,4,3.0,1945,80,Single Family,1267.72
94301,3020416,3025,5,3.5,1956,69,House,998.48
94301,2754892,2076,4,3.0,1922,103,House,1327.02
94301,3151515,1494,3,2.5,1940,85,Single Family,2109.45
94301,2807436,2451,3,2.0,2006,19,House,1145.42
94301,4243623,3314,5,4.0,1936,89,House,1280.51
94301,3502238,1963,4,2.5,2007,18,Single Family,1784.13
94301,4024037,2608,6,4.5,1961,64,Single Family Residence,1542.96
94301,4481855,2313,4,2.5,1923,102,Single Family Residential,1937.68
94301,3298447,1489,3,2.0,1992,33,House,2215.21
94301,3763379,2927,5,3.5,1951,74,Single Family,1285.75
94301,3819550,1629,3,2.0,2017,8,Residential,2344.72
94301,4302615,2826,4,4.0,1969,56,Single Family Residential,1522.51
94301,2798833,2766,5,4.0,1955,70,Residential,1011.87
94301,2944081,2523,6,3.0,1977,48,Residential,1166.9
94301,3034626,2490,3,3.0,1989,36,House,1218.73
94301,3236680,1532,3,2.5,1968,57,Single Family Residential,2112.72
94301,5873306,1983,5,2.5,1995,30,Single Family Residence,2961.83
94301,3414712,1584,3,2.0,1950,75,Single Family,2155.75
94301,3044332,2114,5,2.5,1972,53,House,1440.08
94301,3571937,2672,4,4.5,1964,61,House,1336.8
94301,2114348,2373,3,3.0,2021,4,Single Family Residence,891.0
94301,2911583,2959,6,3.5,1959,66,Single Family Residential,983.98
94301,2868929,1968,5,2.5,2003,22,Single Family Residence,1457.79
94301,1739309,1754,3,2.5,1932,93,Single Family Residential,991.62
94301,3157282,2938,5,4.0,1944,81,House,1074.64
94301,4341573,2354,5,2.5,1921,104,Single Family,1844.34
94301,2270193,2143,3,2.5,2019,6,Residential,1059.35
94301,2682436,2486,4,2.0,2010,15,House,1079.02
94301,2004605,2155,4,3.0,1987,38,Residential,930.21
94301,2657586,2723,4,4.0,1980,45,Single Family Residential,975.98
94301,4227836,1770,3,2.5,2001,24,Single Family Residential,2388.61
94301,4158528,2889,5,3.5,1944,81,Single Family Residential,1439.44
94301,3626477,2041,4,2.5,1952,73,Single Family Residence,1776.81
94301,3690445,2125,4,2.0,2019,6,Residential,1736.68
94301,2882227,2166,4,2.0,1963,62,Single Family Residential,1330.67
94301,4224588,2677,5,4.5,1973,52,Single Family,1578.11
94301,2569428,2400,4,3.0,1971,54,Single Family,1070.6
94301,3023883,1723,3,2.0,1981,44,Single Family Residential,1755.01
94301,2733467,1982,4,2.0,1971,54,Single Family,1379.15
94301,3577774,2844,5,3.5,1967,58,Single Family Residential,1258.01
94301,3774664,2773,5,3.0,1980,45,Single Family Residential,1361.22
94301,3961511,2335,3,2.5,1949,76,Residential,1696.58
94301,3255166,2849,6,3.5,1954,71,Single Family Residential,1142.56
94301,3973950,2225,3,3.0,1972,53,Single Family Residence,1786.04
94301,3985725,2096,3,2.5,2008,17,Residential,1901.59
94301,3174657,2025,3,3.0,1989,36,Single Family Residence,1567.73
94301,3796707,1459,3,2.0,1970,55,Single Family Residence,2602.27
94301,4214683,2840,6,4.0,1934,91,Residential,1484.04
94301,3388839,1283,3,2.0,1929,96,Single Family Residential,2641.34
94301,4099510,1620,3,2.0,2014,11,House,2530.56
94301,4751765,2438,5,2.0,1967,58,Single Family,1949.04
94301,2905865,1860,4,2.0,1933,92,House,1562.29
94301,4525168,2257,4,3.0,2011,14,Residential,2004.95
94301,3561332,1865,3,2.5,1921,104,Single Family Residential,1909.56
94301,3327606,1786,4,2.0,1935,90,House,1863.16
94301,3077404,2588,6,4.5,1936,89,Single Family Residential,1189.11
94301,3308221,2149,5,2.0,1936,89,Residential,1539.42
94301,4668103,2229,4,2.5,1979,46,Residential,2094.26
94301,2255452,2985,5,3.0,2004,21,Single Family Residence,755.6
94301,3624429,2306,5,3.0,2004,21,Residential,1571.74
94022,4312734,2337,4,2.5,1952,73,Single Family Residence,1845.41
94022,4757565,2872,6,3.5,2022,3,House,1656.53
94022,4531622,2536,6,4.0,1949,76,Single Family Residential,1786.92
94022,3642290,2240,3,3.0,1921,104,Single Family Residential,1626.02
94022,4663525,2014,4,3.0,1933,92,Single Family Residence,2315.55
94022,4687465,2068,4,2.5,2009,16,Single Family Residential,2266.67
94022,3894494,2985,6,4.0,2002,23,House,1304.69
94022,3962415,2734,6,3.5,1922,103,Single Family,1449.31
94022,3763281,2464,4,3.0,1994,31,Single Family Residential,1527.31
94022,3651267,1556,3,2.0,2019,6,Single Family,2346.57
94022,3250397,2504,5,4.5,1932,93,Residential,1298.08
94022,4374577,1137,3,1.5,1994,31,Single Family Residential,3847.47
94022,2648577,2045,3,3.0,1951,74,Residential,1295.15
94022,3940691,2229,3,2.5,1975,50,Single Family Residence,1767.92
94022,4325317,3156,6,3.5,1931,94,Single Family,1370.51
94022,3875333,2350,4,2.0,1940,85,Single Family Residential,1649.08
94022,4895827,2796,5,4.5,2003,22,House,1751.01
94022,4140841,2172,4,3.0,1935,90,Single Family,1906.46
94022,3502289,2447,3,3.0,1985,40,Single Family Residence,1431.26
94022,4066026,2377,5,2.0,1927,98,Single Family Residential,1710.57
94022,5010433,1659,3,2.0,1938,87,Single Family Residential,3020.15
94022,4099494,2247,3,3.0,2002,23,House,1824.43
94022,4196304,2917,5,4.0,1922,103,Single Family,1438.57
94022,3512596,3340,5,3.5,1992,33,Single Family Residential,1051.68
94022,4985125,1423,3,2.0,1921,104,Residential,3503.25
94022,3526278,2196,5,3.0,1993,32,Single Family Residential,1605.77
94022,4506765,1748,4,2.0,2014,11,House,2578.24
94022,3130684,2855,5,4.5,1977,48,Single Family,1096.56
94022,2362409,1562,4,2.5,1970,55,House,1512.43
94022,3742946,2865,6,3.5,2003,22,Single Family,1306.44
94022,4664477,2934,6,4.0,1992,33,Single Family Residential,1589.8
94022,4036489,3592,6,3.5,1944,81,Residential,1123.74
94022,2935985,2891,5,4.5,2017,8,House,1015.56
94022,2708782,2065,4,2.0,2008,17,House,1311.76
94022,2333153,2091,4,3.0,1991,34,Single Family Residential,1115.81
94022,2126754,2300,5,3.0,1960,65,Single Family Residential,924.68
94022,3407756,3042,6,4.0,2005,20,Residential,1120.24
94022,4992114,2671,5,3.0,1953,72,Residential,1869.01
94022,4656901,3669,5,3.0,1962,63,House,1269.26
94022,3016436,2796,5,4.0,1994,31,Single Family Residential,1078.84
94022,3049538,2497,5,3.0,1987,38,Residential,1221.28
94022,4647231,2138,4,3.0,1970,55,Single Family Residential,2173.63
94022,3392739,2908,5,3.5,2003,22,Single Family Residence,1166.69
94022,3696365,2752,5,3.0,2005,20,Single Family Residential,1343.16
94022,2898704,2084,5,3.0,1980,45,Single Family Residential,1390.93
94022,4619071,2521,4,3.0,2019,6,Single Family,1832.24
94022,4500064,3758,6,4.5,1982,43,Single Family Residence,1197.46
94022,2982419,2352,4,2.5,1991,34,House,1268.04
94022,3866869,1288,4,2.0,1923,102,Residential,3002.23
94022,3897557,3208,5,4.0,1971,54,House,1214.95
94022,4450671,2549,4,4.0,2022,3,Residential,1746.05
94022,3926691,2700,6,3.0,1921,104,Residential,1454.33
94022,5448223,1966,3,2.0,2000,25,Single Family Residence,2771.22
94022,4168504,2340,4,3.0,2018,7,House,1781.41
94022,5130544,2630,5,3.5,1944,81,Single Family Residential,1950.78
94024,5365396,4192,4,3.5,1956,69,Single Family Residential,1279.91
94024,4455765,1854,3,2.0,1934,91,House,2403.33
94024,4477363,3401,6,4.5,1980,45,Single Family Residential,1316.48
94024,4227165,1698,3,2.0,1993,32,Single Family,2489.5
94024,4136028,3685,5,4.0,1932,93,House,1122.4
94024,4514516,2611,5,4.5,1963,62,Single Family Residential,1729.04
94024,3612977,2682,5,3.0,2002,23,House,1347.12
94024,5966613,1258,3,2.5,1949,76,Residential,4742.94
94024,4327424,3907,6,4.0,2019,6,Single Family Residential,1107.61
94024,4946954,2402,4,2.0,1992,33,Single Family Residence,2059.51
94024,3765525,4553,5,4.0,2005,20,Single Family Residential,827.04
94024,3013424,3872,5,3.5,1983,42,Single Family Residence,778.26
94024,6285347,1671,4,2.0,2008,17,House,3761.43
94024,4246448,3288,5,4.0,1981,44,House,1291.5
94024,5434935,3252,4,4.0,1966,59,Single Family Residence,1671.26
94024,3061783,3076,5,3.0,1974,51,Single Family,995.38
94024,4161053,3495,5,3.0,1993,32,House,1190.57
94024,3604182,2316,3,3.0,1992,33,Single Family Residence,1556.21
94024,3936234,2332,5,2.5,1971,54,House,1687.92
94024,4806359,3726,5,4.0,1928,97,Residential,1289.95
94024,4976064,2926,6,3.5,1938,87,Single Family,1700.64
94024,4101624,4196,4,3.0,1970,55,Residential,977.51
94024,4688732,2679,4,3.0,1972,53,Single Family Residential,1750.18
94024,3302799,2474,4,2.0,1982,43,House,1335.0
94024,4551261,2784,4,4.0,1935,90,Single Family,1634.79
94024,4743870,2847,5,4.5,1958,67,Residential,1666.27
94024,2302036,2548,4,4.0,1944,81,Residential,903.47
94024,4462336,2432,4,3.0,2013,12,Single Family Residential,1834.84
94024,5737389,2525,5,3.5,1935,90,Single Family Residence,2272.23
94024,5011427,3196,4,3.0,2006,19,Single Family,1568.03
94024,4459649,4064,5,4.5,2011,14,Residential,1097.35
94024,5057866,2991,5,4.5,1967,58,Single Family Residential,1691.03
94024,4544977,3413,5,4.0,1956,69,Single Family,1331.67
94024,2830638,3042,4,3.0,1994,31,Residential,930.52
94024,3809702,3672,6,3.5,1964,61,Single Family Residential,1037.5
94024,1821411,3279,6,4.0,1982,43,House,555.48
94024,3446523,2496,5,2.0,1926,99,Residential,1380.82
94024,4895329,4588,4,4.5,1955,70,Single Family Residential,1066.99
94024,3773728,3872,5,4.0,1960,65,Single Family Residential,974.62
94024,5311289,2130,4,2.0,1942,83,House,2493.56
94024,5702938,2447,4,2.0,1948,77,Residential,2330.58
94024,5019835,3716,5,3.0,1922,103,Residential,1350.87
94024,5288246,3594,5,4.5,1921,104,House,1471.41
94024,4476166,2902,6,3.5,2024,1,House,1542.44
94024,4698000,3728,5,3.0,2018,7,Single Family,1260.19
94024,5357627,4137,4,3.0,1975,50,Single Family,1295.05
94024,4714225,3143,5,4.0,1962,63,House,1499.91
94024,3916971,1590,3,2.0,2004,21,Residential,2463.5
94024,5235524,3947,5,3.5,1986,39,Single Family,1326.46
94024,5007265,3443,4,4.5,1923,102,Single Family Residential,1454.33
94027,9579977,5339,4,4.5,1935,90,Single Family Residential,1794.34
94027,6905378,4595,5,3.5,1982,43,Single Family,1502.8
94027,7950251,4334,4,4.5,2008,17,Single Family Residence,1834.39
94027,7484124,2569,4,4.5,2003,22,Residential,2913.24
94027,6385262,3887,6,3.0,2000,25,Single Family Residential,1642.72
94027,6302986,3370,6,3.5,1992,33,Residential,1870.32
94027,6387718,3219,5,4.0,1982,43,Single Family Residence,1984.38
94027,3521909,4565,5,4.5,1972,53,Single Family Residential,771.5
94027,6577775,5197,5,4.0,2002,23,Residential,1265.69
94027,6888741,5122,6,3.0,1944,81,Single Family Residential,1344.93
94027,7805336,3958,6,3.5,1958,67,Single Family Residence,1972.04
94027,8723269,4722,4,4.5,1942,83,Single Family,1847.37
94027,4609489,4171,5,4.5,1995,30,Residential,1105.13
94027,6637728,2717,4,3.5,1954,71,Residential,2443.04
94027,3146284,3593,4,4.0,2013,12,Single Family Residence,875.67
94027,6640159,2809,4,3.5,1973,52,Single Family Residence,2363.89
94027,5054249,3530,6,4.5,1926,99,House,1431.8
94027,5432516,4431,4,3.5,1929,96,House,1226.02
94027,9612017,3755,5,3.0,2013,12,Residential,2559.79
94027,3599610,3290,5,3.0,1952,73,House,1094.11
94027,8166901,2971,4,4.5,1968,57,Single Family,2748.87
94027,5672116,3386,5,3.0,2017,8,Single Family Residential,1675.17
94027,4904097,2227,4,2.5,2003,22,Residential,2202.11
94027,5942650,3872,6,4.0,1920,105,Residential,1534.78
94027,5579253,4022,4,4.0,2013,12,Single Family Residence,1387.18
94027,6014923,1686,3,2.0,1989,36,House,3567.57
94027,5811274,3811,5,3.0,1935,90,Residential,1524.87
94027,8824232,2879,5,4.0,2001,24,Single Family Residence,3065.03
94027,7905787,3110,6,4.5,1985,40,Single Family,2542.05
94027,3930511,4394,4,4.5,1951,74,House,894.52
94027,3789827,4338,4,4.0,1984,41,Residential,873.63
94027,5799599,3624,5,3.0,1924,101,Residential,1600.33
94027,7571227,3235,6,3.5,1926,99,Single Family Residential,2340.41
94027,2934653,4291,6,3.5,1971,54,Residential,683.91
94027,3580590,3759,4,3.0,2020,5,Single Family,952.54
94027,5106065,6330,6,4.0,1929,96,House,806.65
94027,4417349,3988,4,4.5,1929,96,Single Family Residential,1107.66
94027,5743624,1499,3,2.0,1921,104,Residential,3831.64
94027,8005847,5094,4,3.0,1970,55,Single Family Residence,1571.62
94027,4698506,4314,4,3.0,2015,10,Single Family Residential,1089.13
94025,3176793,1893,5,2.5,2008,17,House,1678.18
94025,3015107,2167,3,3.0,1926,99,Single Family Residence,1391.37
94025,2606516,1346,3,2.0,2020,5,Single Family Residential,1936.49
94025,2344579,962,3,1.0,1969,56,House,2437.19
94025,2416689,2348,4,2.5,1923,102,Residential,1029.25
94025,2268818,2185,4,2.0,1975,50,Single Family,1038.36
94025,1814976,2864,5,3.5,2006,19,House,633.72
94025,2363375,1388,3,2.0,1980,45,Residential,1702.72
94025,2374346,1553,3,2.5,1974,51,Single Family,1528.88
94025,2483894,1933,5,3.0,1991,34,Residential,1284.99
94025,2931648,1863,4,2.5,2010,15,Residential,1573.62
94025,1813227,2303,4,2.5,1968,57,Single Family Residential,787.33
94025,2072775,1941,4,2.5,1955,70,Single Family,1067.89
94025,3013301,2484,4,3.0,1952,73,Residential,1213.08
94025,1790368,1972,4,3.0,2022,3,Residential,907.89
94025,2384876,2363,4,2.0,1956,69,House,1009.26
94025,2309553,2096,3,3.0,1987,38,Single Family,1101.89
94025,1945604,1601,3,2.0,1997,28,Single Family,1215.24
94025,2090339,1639,3,2.0,1973,52,Residential,1275.37
94025,2005072,2020,5,3.0,1979,46,Single Family Residence,992.61
94025,3260310,2742,6,4.5,1934,91,Single Family,1189.03
94025,2386927,2577,5,4.0,1972,53,Residential,926.24
94025,2988338,1979,3,3.0,2007,18,Single Family,1510.02
94025,1487655,2566,4,4.5,1963,62,Single Family Residence,579.76
94025,3461609,2053,5,3.0,2003,22,Single Family,1686.12
94025,2340000,2428,4,2.0,1966,59,Single Family,963.76
94025,2903360,2377,4,2.5,2018,7,House,1221.44
94025,2206471,2528,4,4.0,1951,74,Single Family,872.81
94025,3192914,1875,4,3.0,1965,60,Single Family Residence,1702.89
94025,1811577,1773,3,2.0,1953,72,House,1021.76
94025,3316595,1823,3,3.0,1921,104,House,1819.31
94025,3249062,1711,4,2.0,1954,71,Single Family Residence,1898.93
94025,3240911,2189,4,3.0,1957,68,House,1480.54
94025,1604485,1364,3,2.0,1959,66,Single Family Residence,1176.31
94025,4223251,1920,5,2.0,2002,23,Residential,2199.61
94025,2834188,2007,4,3.0,1929,96,Residential,1412.15
94025,1517930,1406,3,2.0,2020,5,Single Family Residential,1079.61
94025,2885589,2439,5,2.0,1954,71,Single Family Residence,1183.1
94025,2336558,3098,6,3.5,2000,25,Single Family Residence,754.21
94025,3500990,2688,4,4.0,2020,5,House,1302.45
94025,2761343,2348,4,2.0,2012,13,Single Family Residential,1176.04
94025,3320217,1925,4,3.0,1933,92,Single Family Residential,1724.79
94025,3832111,2007,5,3.0,2019,6,Residential,1909.37
94025,4003135,2163,4,3.0,1959,66,Single Family Residential,1850.73
94025,2238798,2236,4,3.0,1962,63,Residential,1001.25
94025,3538615,2214,4,3.0,2018,7,Single Family Residence,1598.29
94025,2202300,2698,4,4.0,1952,73,Single Family,816.27
94025,1929051,2481,5,2.5,1961,64,Residential,777.53
94025,2435523,2736,5,3.5,1975,50,Single Family,890.18
94025,2380358,1587,3,2.5,1965,60,Single Family Residential,1499.91
94025,3403687,1707,4,2.0,1977,48,Single Family Residential,1993.96
94025,2935973,2079,5,2.0,1931,94,Residential,1412.2
94025,1484911,2102,3,3.0,1951,74,House,706.43
94025,3889014,2015,5,3.0,1942,83,Single Family Residential,1930.03
94025,2816683,1615,4,2.0,1936,89,Single Family,1744.08
94025,2770661,1952,4,2.0,2021,4,Single Family Residence,1419.4
94025,2595115,2100,4,2.5,1938,87,House,1235.77
94025,2697928,1865,5,3.0,1992,33,Single Family,1446.61
94025,2960152,2355,3,3.0,1928,97,Single Family,1256.96
94025,2816081,1728,3,2.0,1954,71,Single Family Residence,1629.68
94025,2660962,1362,4,2.0,2009,16,Residential,1953.72
94025,2351820,2331,4,2.5,1982,43,House,1008.93
94025,2975362,3054,5,4.5,1961,64,Single Family,974.25
94025,2868184,2519,5,3.5,1977,48,Residential,1138.62
94025,1509646,2504,5,4.5,2011,14,Single Family Residence,602.89
94025,3416582,2074,5,2.5,1923,102,Single Family Residence,1647.34
94025,1732196,944,2,1.5,1931,94,Single Family Residential,1834.95
94025,2209457,1928,4,2.0,1923,102,Single Family,1145.98
94025,2590436,2219,4,2.0,1927,98,Single Family Residential,1167.39
94025,3629465,1673,3,2.5,1954,71,Single Family Residence,2169.44
94062,1738859,1698,4,2.5,1993,32,House,1024.06
94062,1537557,1175,3,1.5,1950,75,Single Family Residential,1308.56
94062,2356466,2246,4,3.0,2020,5,Single Family Residential,1049.18
94062,2206514,1807,4,3.0,1983,42,House,1221.09
94062,2117134,1846,5,2.5,1983,42,Single Family Residence,1146.88
94062,1539777,1627,3,2.5,1998,27,Single Family,946.39
94062,1411826,1525,4,2.0,1996,29,House,925.79
94062,1897765,1820,4,2.5,2004,21,Single Family Residential,1042.73
94062,2009322,2036,4,3.0,1996,29,House,986.9
94062,1932967,1132,2,2.0,1998,27,House,1707.57
94062,2487809,1478,3,2.0,2003,22,Residential,1683.23
94062,1946209,2031,3,2.5,1941,84,House,958.25
94062,1982491,1884,3,2.5,1932,93,Single Family Residence,1052.28
94062,2761601,1464,3,2.0,2005,20,House,1886.34
94062,1701829,2076,4,3.0,1954,71,Single Family Residence,819.76
94062,805572,1414,3,2.0,1998,27,Single Family Residential,569.71
94062,1866669,1885,4,2.5,1966,59,Residential,990.28
94062,1685140,1225,3,2.5,1936,89,Single Family Residential,1375.62
94062,1835575,1513,3,2.5,1928,97,Single Family Residential,1213.2
94062,1235802,1473,4,2.0,2020,5,House,838.97
94062,1816052,1824,5,2.5,1954,71,Single Family Residential,995.64
94062,2285176,1938,5,2.0,1966,59,Single Family Residence,1179.14
94062,2191283,1790,4,2.5,1931,94,House,1224.18
94062,1860204,2124,3,2.0,1925,100,House,875.8
94062,2229227,2011,4,3.0,1926,99,House,1108.52
94062,1692396,2150,5,2.0,1960,65,Single Family Residence,787.16
94062,1326092,1606,3,2.0,2006,19,Single Family Residential,825.71
94062,1134072,1464,3,2.0,1939,86,Single Family,774.64
94062,2011470,2135,5,2.5,1962,63,Single Family,942.14
94062,1415819,1857,5,3.0,1969,56,Single Family Residence,762.42
94062,1816574,1409,3,2.0,1986,39,Single Family,1289.26
94062,2379916,1166,2,1.5,1946,79,Residential,2041.09
94062,1822663,1629,3,2.5,1925,100,Single Family,1118.88
94062,1904813,1937,4,3.0,2024,1,House,983.38
94062,1491431,1247,3,2.5,1978,47,Residential,1196.02
94062,2279594,1687,3,2.0,2007,18,Single Family,1351.27
94062,1337335,1733,4,2.0,1950,75,Single Family Residence,771.69
94062,1556172,1366,4,2.5,2002,23,Single Family,1139.22
94062,1955277,1440,3,2.0,2020,5,Single Family Residential,1357.83
94062,1555201,1867,5,3.0,1991,34,Single Family,832.99
94062,1270915,1248,3,2.0,1926,99,Residential,1018.36
94062,2203671,1975,4,2.0,1941,84,Single Family,1115.78
94062,1426174,1959,4,3.0,1995,30,House,728.01
94062,2159036,1432,3,2.0,2014,11,Single Family Residential,1507.71
94062,1825764,1212,3,2.0,1924,101,House,1506.41
94062,1690504,1236,4,2.0,2013,12,Single Family Residence,1367.72
94062,1361312,1945,3,3.0,2013,12,Single Family Residence,699.9
94062,1677854,1376,3,2.0,1966,59,Residential,1219.37
94062,783517,1727,3,2.5,1955,70,Single Family Residence,453.69
94062,2217071,1949,5,3.0,1989,36,House,1137.54
94062,1474822,1840,4,3.0,1968,57,Single Family,801.53
94062,1514716,1491,3,2.5,1935,90,House,1015.91
94062,1913789,1709,4,2.5,2014,11,House,1119.83
94062,1792541,1870,5,3.0,1964,61,Single Family Residence,958.58
94062,2271282,1905,5,2.0,2012,13,Single Family Residence,1192.27
94062,1982410,1965,5,2.0,1975,50,Single Family Residence,1008.86
94062,2448464,1604,3,2.5,1963,62,Single Family Residential,1526.47
94062,2065445,1763,3,2.5,1962,63,Single Family Residence,1171.55
94062,1960271,1582,3,2.0,1948,77,House,1239.11
94062,1430819,1848,4,2.5,1950,75,House,774.25
94062,1493711,2256,4,2.5,1945,80,Single Family Residential,662.11
94062,1451179,1533,3,2.0,2003,22,Single Family Residential,946.63
94062,1388268,1178,2,1.0,1931,94,House,1178.5
94062,1799174,2416,4,2.0,1956,69,House,744.69
94062,1826224,2207,4,2.5,1977,48,Residential,827.47
94062,2128963,1867,5,2.5,1930,95,Single Family Residential,1140.31
94062,1891522,2146,4,2.0,2006,19,House,881.42
94062,1488819,1640,3,2.5,2012,13,Single Family Residence,907.82
94062,2000366,1534,3,2.5,2001,24,Residential,1304.02
94062,1824322,1993,3,3.0,2006,19,Single Family,915.36
94062,1829225,2221,4,2.5,2001,24,House,823.6
94062,1551218,1789,3,2.0,2023,2,Single Family Residential,867.09
94062,1750586,1291,3,2.0,1943,82,Single Family,1355.99
94062,1855199,2085,4,2.0,1960,65,Residential,889.78
94062,1503052,1976,4,3.0,1934,91,Single Family Residential,760.65
94062,1413147,1421,3,2.0,1980,45,Residential,994.47
94062,1973512,1742,3,2.0,2015,10,Single Family,1132.9
94062,1588270,1979,4,3.0,1979,46,House,802.56
94062,2043278,2123,4,2.5,2019,6,Single Family Residential,962.45
94062,2411894,1720,3,2.5,2009,16,House,1402.26
94062,1381995,2507,5,4.0,1972,53,Single Family Residence,551.25
94062,3185089,1832,3,2.5,2014,11,Residential,1738.59
94062,1557183,1323,4,2.5,1957,68,Residential,1177.01
94062,1172518,1416,3,2.5,1950,75,Single Family Residential,828.05
94062,1923202,2022,5,2.0,1932,93,House,951.14
94062,2403688,1298,4,2.0,1937,88,Single Family Residential,1851.84
94062,1541232,1659,3,2.5,1927,98,Single Family,929.01
94062,2074010,1378,4,2.5,2020,5,Residential,1505.09
94062,1103793,1399,4,2.0,1950,75,Single Family,788.99
94062,1164586,1311,3,2.0,1999,26,Single Family Residence,888.32
94061,2027067,1330,4,2.0,1997,28,House,1524.11
94061,1491773,1074,3,1.0,1995,30,Single Family Residence,1388.99
94061,1527916,1321,3,2.0,2015,10,Single Family Residential,1156.64
94061,2048856,1436,4,2.0,1928,97,Residential,1426.78
94061,1026897,1812,4,3.0,1989,36,Single Family,566.72
94061,2052850,2272,3,2.5,1942,83,Single Family Residence,903.54
94061,1666171,1336,3,2.5,1941,84,Single Family,1247.13
94061,1797999,1958,3,2.0,2003,22,Single Family Residential,918.28
94061,1378562,2037,5,2.0,2000,25,Single Family Residential,676.76
94061,1512388,1383,4,2.0,1946,79,House,1093.56
94061,1701619,1834,5,3.0,1957,68,Single Family Residence,927.82
94061,1591043,1638,3,2.5,1941,84,Single Family Residential,971.33
94061,2354703,1295,3,2.0,1986,39,Single Family Residential,1818.3
94061,1554246,1852,5,3.0,1990,35,Single Family,839.23
94061,1727386,1641,3,2.0,2011,14,Residential,1052.64
94061,1318137,1828,5,2.0,1925,100,Single Family Residential,721.08
94061,1129048,1847,5,2.5,1970,55,Single Family Residential,611.29
94061,1380849,1970,3,3.0,1967,58,Residential,700.94
94061,1388014,1415,3,2.0,1950,75,House,980.93
94061,1938084,2244,3,2.0,2017,8,Single Family Residential,863.67
94061,1552496,1623,3,2.0,1936,89,Single Family,956.56
94061,1658774,1758,4,2.5,1946,79,Single Family,943.56
94061,1619646,1603,3,2.0,1960,65,Single Family,1010.38
94061,1380806,2106,3,2.0,1992,33,Single Family Residential,655.65
94061,1465177,2060,4,2.0,1963,62,Residential,711.25
94061,2038492,1395,3,2.0,1933,92,Single Family Residential,1461.28
94061,2019265,1769,3,2.0,1986,39,Single Family,1141.47
94061,1373449,2132,3,3.0,1927,98,Single Family Residential,644.21
94061,2099375,1303,4,2.5,1929,96,House,1611.19
94061,1657452,1535,3,2.0,1966,59,Residential,1079.77
94061,1741295,1222,4,2.0,2008,17,Single Family Residential,1424.95
94061,1766108,1456,3,2.5,2008,17,Single Family Residential,1212.99
94061,1254395,1560,4,2.0,1931,94,Single Family,804.1
94061,1548829,1788,3,2.5,2012,13,Single Family,866.24
94061,2164505,1472,4,2.0,1955,70,Single Family Residential,1470.45
94061,1446484,1554,3,2.5,1942,83,Single Family Residence,930.81
94061,1398236,1453,3,2.5,1958,67,Residential,962.31
94061,1796339,1645,4,2.5,1976,49,Single Family,1092.0
94061,1530312,1225,3,2.5,1989,36,House,1249.23
94061,1711295,1728,4,2.0,2023,2,Single Family Residential,990.33
94061,2111653,1774,3,2.0,2005,20,House,1190.33
94061,1969063,1760,3,2.5,2010,15,Single Family Residential,1118.79
94061,1425440,1382,3,2.0,1945,80,Single Family Residential,1031.43
94061,1300326,1505,3,2.0,2005,20,Residential,864.0
94061,1562712,1463,4,2.0,1953,72,Single Family,1068.16
94061,1769143,1344,3,2.0,1977,48,Single Family,1316.33
94061,1156085,1429,3,2.0,1997,28,Single Family Residential,809.02
94061,2037258,1631,3,2.5,1991,34,Single Family Residence,1249.09
94061,1565235,1236,3,2.5,1925,100,Single Family Residential,1266.37
94061,2366002,2038,4,3.0,1962,63,Single Family Residence,1160.94
94061,1683108,1527,3,2.0,2016,9,Single Family Residence,1102.23
94061,1807987,1872,3,2.0,1979,46,Residential,965.81
94061,1394109,1837,4,3.0,1920,105,Single Family,758.91
94061,2061124,1476,3,2.0,2014,11,Single Family Residence,1396.43
94061,1177951,1786,3,2.0,2004,21,Single Family Residential,659.55
94061,1488195,1077,3,1.5,1983,42,House,1381.8
94061,1857908,2266,4,2.5,1982,43,Single Family Residential,819.91
94061,1615003,1802,4,3.0,1970,55,Single Family Residential,896.23
94061,1321914,959,2,2.0,1931,94,Residential,1378.43
94061,1849837,1835,4,3.0,2004,21,House,1008.09
94061,1756175,1780,3,2.5,1956,69,Single Family Residence,986.62
94061,1558877,1499,3,2.0,1942,83,Single Family Residential,1039.94
94061,2123378,1300,3,2.0,1994,31,House,1633.37
94061,1327730,1744,3,2.0,1933,92,Single Family,761.31
94061,1771874,1536,3,2.0,1957,68,House,1153.56
94061,1824856,1180,2,2.0,1944,81,Residential,1546.49
94061,1630458,1420,3,2.0,1948,77,Single Family Residential,1148.21
94061,1240197,2100,4,2.5,2021,4,Residential,590.57
94061,1649794,1773,3,2.0,1996,29,Residential,930.51
94061,1338692,1106,3,1.5,1938,87,Residential,1210.39
94061,1407529,1558,3,2.0,1992,33,Single Family Residence,903.42
94061,1543903,1610,3,2.5,1999,26,Residential,958.95
94061,1922606,1655,3,2.0,2002,23,Single Family Residence,1161.7
94061,1671079,1511,3,2.0,2013,12,Single Family Residential,1105.94
94061,1448271,2256,4,2.5,1981,44,Single Family Residential,641.96
94061,1774043,1908,4,3.0,1925,100,Residential,929.79
94061,1032593,1515,3,2.0,1930,95,House,681.58
94061,1001423,1717,3,2.5,1988,37,Single Family Residence,583.24
94061,2364206,2085,4,2.0,1934,91,Single Family,1133.91
94061,1778992,1724,4,2.0,1988,37,Residential,1031.9
94061,1946238,1663,3,2.0,1969,56,Residential,1170.32
94061,1491662,1420,3,2.0,2017,8,Single Family Residential,1050.47
94061,1221959,1064,2,1.0,1948,77,Single Family Residence,1148.46
94061,1088651,1956,4,3.0,2023,2,Single Family,556.57
94061,1508924,1515,3,2.0,1935,90,Single Family Residential,995.99
94010,1727169,1825,5,2.5,1932,93,Single Family,946.39
94010,1435609,1831,4,2.0,2017,8,Single Family,784.06
94010,2062450,2564,6,4.0,1999,26,Single Family Residential,804.39
94010,2476577,2110,3,2.5,1965,60,Residential,1173.73
94010,2958624,1887,4,3.0,1942,83,Single Family,1567.9
94010,2167060,1680,3,2.0,1943,82,Single Family Residence,1289.92
94010,2260583,1933,3,3.0,1995,30,Single Family Residence,1169.47
94010,2615345,1926,4,3.0,1980,45,Single Family,1357.92
94010,2566394,1933,5,2.5,1961,64,Single Family Residential,1327.67
94010,3027302,2230,3,3.0,2013,12,Single Family Residence,1357.53
94010,2893745,2138,4,3.0,1930,95,Single Family Residence,1353.48
94010,2403539,2395,5,2.0,1994,31,House,1003.57
94010,1997551,2123,4,2.0,1947,78,House,940.91
94010,2883089,2161,5,3.0,1949,76,Single Family Residential,1334.15
94010,2517553,2069,4,2.5,1932,93,Single Family,1216.8
94010,3283658,1405,3,2.0,1999,26,House,2337.12
94010,2942180,2205,3,2.5,1960,65,House,1334.32
94010,2738385,1943,5,3.0,1940,85,Single Family Residential,1409.36
94010,2851829,2089,4,2.0,1960,65,House,1365.16
94010,2487170,1682,3,2.0,1996,29,Single Family,1478.7
94010,2352156,1249,3,2.0,1962,63,Residential,1883.23
94010,3164657,1933,3,2.0,1929,96,Single Family Residential,1637.17
94010,3882845,2537,6,4.5,1968,57,Single Family Residential,1530.49
94010,2980902,2027,4,2.5,1991,34,Residential,1470.6
94010,2064906,1925,4,3.0,1958,67,Residential,1072.68
94010,2459920,1248,4,2.0,1941,84,Single Family Residence,1971.09
94010,3435373,2286,4,3.0,2011,14,Single Family Residence,1502.79
94010,3041849,1734,4,2.5,1989,36,House,1754.24
94010,3070350,1995,4,3.0,1990,35,Single Family Residence,1539.02
94010,2408530,1169,2,1.0,1995,30,Single Family,2060.33
94010,2189142,1103,3,2.0,1935,90,Single Family,1984.72
94010,2223586,2442,5,2.5,1980,45,Single Family Residence,910.56
94010,1948920,1901,5,3.0,1996,29,Single Family Residential,1025.21
94010,2661419,1284,4,2.0,1987,38,House,2072.76
94010,2707051,2108,4,2.5,1952,73,Residential,1284.18
94010,1500400,1470,4,2.0,2001,24,Single Family Residence,1020.68
94010,3139167,2132,3,2.5,1933,92,Residential,1472.4
94010,3358400,1760,4,2.0,2000,25,Single Family Residential,1908.18
94010,3206414,1875,4,2.5,1976,49,Single Family Residential,1710.09
94010,2720632,1827,4,3.0,1940,85,Single Family Residence,1489.13
94010,2855362,1699,4,2.0,1983,42,Single Family Residence,1680.61
94010,3282264,2534,6,4.0,2020,5,House,1295.29
94010,2659967,1105,2,2.0,1984,41,Single Family Residence,2407.21
94010,2950960,2001,4,2.5,1944,81,Single Family Residence,1474.74
94010,2680817,2186,3,2.5,1938,87,Residential,1226.36
94010,2424584,1774,3,2.0,1947,78,House,1366.73
94010,2293600,2191,4,3.0,1940,85,House,1046.83
94010,2685730,2216,4,3.0,1968,57,Single Family,1211.97
94010,1559574,2267,3,2.5,1975,50,Single Family,687.95
94010,3671720,1738,4,2.5,1931,94,Single Family Residential,2112.61
94010,2452266,2016,4,3.0,1952,73,House,1216.4
94010,2420861,2085,4,3.0,1976,49,Single Family Residence,1161.08
94010,2837291,2320,3,3.0,1926,99,Single Family Residential,1222.97
94010,2924858,1536,3,2.0,2019,6,Residential,1904.2
94010,2036477,2245,4,2.0,2007,18,Residential,907.12
94010,2444062,1292,3,2.5,1925,100,Single Family Residential,1891.69
94010,3629906,1604,3,2.0,1994,31,Single Family Residence,2263.03
94010,2094813,1952,4,2.0,1949,76,Residential,1073.16
94010,1660999,2619,6,4.0,1956,69,Residential,634.21
94010,3543719,2160,5,2.0,1973,52,Single Family,1640.61
94010,2526177,2453,3,3.0,1947,78,House,1029.83
94010,2147399,1533,4,2.5,1949,76,Single Family,1400.78
94010,2716422,1146,3,1.0,1922,103,Residential,2370.35
94010,3512913,2123,3,2.5,1988,37,Residential,1654.69
94010,2792180,1941,5,2.0,1969,56,Single Family Residential,1438.53
94402,2311198,1426,4,2.0,1950,75,Single Family Residential,1620.76
94402,1849452,1195,2,1.5,1964,61,Residential,1547.66
94402,2425672,2415,4,3.0,1993,32,Single Family,1004.42
94402,1344746,1526,3,2.0,2015,10,House,881.22
94402,2542224,1811,4,2.5,1970,55,Residential,1403.77
94402,1939179,1664,4,2.5,1928,97,House,1165.37
94402,1827668,1061,2,2.0,1988,37,House,1722.59
94402,1254006,2569,4,4.5,1922,103,Single Family Residence,488.13
94402,2133946,2145,5,3.0,1961,64,Single Family Residential,994.85
94402,2190623,1748,4,2.0,1945,80,House,1253.22
94402,1700002,1429,4,2.0,1968,57,Single Family Residence,1189.64
94402,1868496,1300,3,2.0,1972,53,Single Family Residential,1437.3
94402,1756298,1895,5,3.0,1939,86,Single Family Residential,926.81
94402,1836197,1660,4,2.5,1937,88,Residential,1106.14
94402,2582110,1216,3,2.5,2013,12,Single Family Residence,2123.45
94402,1888050,2150,4,2.0,1987,38,Single Family,878.16
94402,2414436,2535,5,4.0,1996,29,Residential,952.44
94402,2395871,1181,2,1.5,1957,68,Single Family Residential,2028.68
94402,2229359,2005,5,2.0,1963,62,Single Family,1111.9
94402,2698800,1921,4,2.5,1959,66,Single Family,1404.89
94402,2948076,2156,5,3.0,1923,102,Single Family Residential,1367.38
94402,1730984,2169,3,2.0,1930,95,Residential,798.06
94402,2259845,1224,4,2.0,2014,11,Residential,1846.28
94402,1909079,1488,4,2.0,1944,81,House,1282.98
94402,1499484,2039,3,3.0,2024,1,Residential,735.4
94402,1639390,1878,5,2.0,1961,64,Single Family,872.94
94402,1893103,2133,4,3.0,1924,101,Residential,887.53
94402,2274467,1289,3,2.0,1936,89,Single Family,1764.52
94402,1852437,1870,3,2.0,1987,38,Residential,990.61
94402,1073338,1620,3,2.0,1932,93,Residential,662.55
94402,1921803,1480,3,2.0,1964,61,Single Family Residential,1298.52
94402,1517315,1529,3,2.0,1963,62,Single Family Residential,992.36
94402,1286365,1676,3,2.5,1954,71,House,767.52
94402,2166167,1668,3,2.0,1956,69,Single Family,1298.66
94402,1621405,2135,4,3.0,1948,77,Single Family Residence,759.44
94402,1947888,1917,4,3.0,1930,95,Single Family Residential,1016.11
94402,1956677,1616,3,2.5,2017,8,Single Family Residential,1210.81
94402,1596144,2027,3,3.0,1930,95,Single Family Residential,787.44
94402,2057074,1892,4,2.0,2008,17,House,1087.25
94402,2708459,1654,4,2.0,2005,20,House,1637.52
94402,1943896,1556,3,2.5,1987,38,House,1249.29
94402,1907203,2712,5,3.0,1953,72,Residential,703.25
94402,1881259,2109,3,3.0,1974,51,Residential,892.01
94402,2256667,1471,3,2.0,2002,23,Single Family Residence,1534.1
94402,2015374,2337,4,3.0,2003,22,Single Family Residence,862.38
94402,1431471,1893,5,3.0,1931,94,Single Family Residential,756.19
94402,1843635,1735,3,2.0,1937,88,Single Family,1062.61
94402,1800501,1808,4,3.0,1991,34,Single Family Residential,995.85
94402,2266946,2122,4,2.0,1990,35,Single Family Residential,1068.31
94402,2520590,2108,3,3.0,1974,51,Single Family Residence,1195.73
94402,1881272,1532,3,2.5,1996,29,Residential,1227.98
94402,1950318,1861,4,3.0,1941,84,House,1047.99
94402,1108843,1579,3,2.5,1961,64,Single Family Residence,702.24
94402,1631151,2458,5,2.0,1922,103,Residential,663.61
94402,1634085,1793,3,2.5,1937,88,Single Family Residential,911.37
94402,1684019,1021,2,1.0,1924,101,Residential,1649.38
94402,1974136,2336,5,2.0,2004,21,Residential,845.09
94402,1734357,1619,4,2.0,1973,52,Single Family Residential,1071.25
94402,1783575,2182,4,3.0,1967,58,House,817.4
94402,1708833,2028,5,3.0,1987,38,House,842.62
94402,1411871,1977,5,3.0,1953,72,Single Family Residential,714.15
94402,1822045,1652,4,2.0,1997,28,Single Family,1102.93
94402,1864261,1489,4,2.0,1992,33,House,1252.02
94402,2231193,887,3,2.0,1940,85,Single Family Residence,2515.44
94402,1767189,1877,3,3.0,1998,27,Single Family Residential,941.5
94402,1993842,1104,2,1.0,1924,101,Residential,1806.02
94402,1694224,1460,4,2.0,1946,79,House,1160.43
94402,2204329,2094,5,2.5,1947,78,Single Family Residential,1052.69
94402,1901830,1431,4,2.0,1940,85,Residential,1329.02
94402,2133892,1425,4,2.5,1953,72,House,1497.47
94402,2028856,1491,3,2.0,2020,5,Residential,1360.74
94402,2007984,1653,3,2.0,1964,61,Single Family Residential,1214.75
94402,1339353,1698,4,2.5,1933,92,Residential,788.78
94402,1650297,1402,3,2.5,1988,37,House,1177.1
94402,1147074,1968,4,3.0,1999,26,Residential,582.86
